layer1,layer2,layer3,layer4,layer5,layer6,layer7,layer8,layer9,layer10,layer11,layer12,layer13,layer14,layer15,layer16,layer17,layer18,layer19,layer20,layer21,layer22,layer23,layer24,layer25,layer26,layer27,layer28,layer29,layer30,layer31,layer32,layer33,layer34,layer35,layer36,layer37,layer38,layer39,layer40,layer41,layer42,layer43,layer44,layer45,layer46,layer47,layer48,layer49,layer50,layer51,layer52,layer53,layer54,layer55,layer56,layer57,layer58,layer59,layer60,layer61,layer62,layer63,layer64,layer65,layer66,layer67,layer68,layer69,layer70,layer71,layer72,layer73,layer74,layer75,layer76,layer77,layer78,layer79,layer80,layer81,layer82,layer83,layer84,layer85,layer86,layer87,layer88,layer89,layer90,layer91,layer92,layer93,layer94,layer95,layer96,layer97,layer98,layer99,layer100
1,1,1,1,0.00048876,0.0014663,0.0039101,0.0078201,0.01564,0.031281,0.062561,0.12512,0.25024,0.50049,0.75073,0.75073,1.001,1.051,1.1036,1.1588,1.2167,1.2775,1.3414,1.4085,1.4789,1.5528,1.6305,1.712,1.7976,1.8875,1.9819,2.081,2.185,2.2943,2.409,2.5294,0.00048876,0.0014663,0.0039101,0.0078201,0.01564,0.031281,0.062561,0.12512,0.25024,0.50049,0.75073,0.75073,1.001,1.051,1.1036,1.1588,1.2167,1.2775,1.3414,1.4085,1.4789,1.5528,1.6305,1.712,1.7976,1.8875,1.9819,2.081,2.185,2.2943,2.409,2.5294,0.00048876,0.0014663,0.0039101,0.0078201,0.01564,0.031281,0.062561,0.12512,0.25024,0.50049,0.75073,0.75073,1.001,1.051,1.1036,1.1588,1.2167,1.2775,1.3414,1.4085,1.4789,1.5528,1.6305,1.712,1.7976,1.8875,1.9819,2.081,2.185,2.2943,2.409,2.5294
